{"stats":{"minecraft:mined":{"minecraft:grass":9,"minecraft:ice":1},"minecraft:custom":{"minecraft:jump":148,"minecraft:time_since_rest":3061,"minecraft:damage_dealt":10,"minecraft:walk_on_water_one_cm":44,"minecraft:sprint_one_cm":17286,"minecraft:play_time":3061,"minecraft:damage_taken":135,"minecraft:time_since_death":3061,"minecraft:walk_one_cm":6123,"minecraft:total_world_time":3061,"minecraft:walk_under_water_one_cm":213,"minecraft:fall_one_cm":3994,"minecraft:fly_one_cm":47205}},"DataVersion":3465}